parameter,Estimate,.lower,.upper,.width,.point,.interval
Intercept,-0.012107186946462501,-0.1083924217286006,0.08840535366683124,0.95,median,qi
agentd,0.167151634025,0.09844822702188626,0.2427301213375,0.95,median,qi
mat2v1,-0.359649593125,-0.4242747313375,-0.2974721476375,0.95,median,qi
mat3v1,0.197021283125,0.159951917393125,0.23466621335,0.95,median,qi
